code,name,market,industry,capital
1101,台泥,twse,01,772.3182
1102,亞泥,twse,01,354.6563
1103,嘉泥,twse,01,83.2875
1104,環泥,twse,01,68.6682
1108,幸福,twse,01,40.4738
1109,信大,twse,01,34.1159
1110,東泥,twse,01,57.2001
1201,味全,twse,02,50.6063
1203,味王,twse,02,24.0
1210,大成,twse,02,89.4767
1213,大飲,twse,02,5.6623
1215,卜蜂,twse,02,29.479
1216,統一,twse,02,568.2015
1217,愛之味,twse,02,49.4513
1218,泰山,twse,02,49.9999
1219,福壽,twse,02,34.1238
1220,台榮,twse,02,17.7078
1225,福懋油,twse,02,24.2268
1227,佳格,twse,02,91.509
1229,聯華,twse,02,179.5961
1231,聯華食,twse,02,32.83
1232,大統益,twse,02,15.9975
1233,天仁,twse,02,9.0592
1234,黑松,twse,02,40.1871
1235,興泰,twse,02,18.8578
1236,宏亞,twse,02,8.6674
1256,鮮活果汁-KY,twse,02,3.5781
1301,台塑,twse,03,636.5741
1303,南亞,twse,03,793.0822
1304,台聚,twse,03,118.8764
1305,華夏,twse,03,58.105
1307,三芳,twse,03,39.7818
1308,亞聚,twse,03,59.3744
1309,台達化,twse,03,39.7587
1310,台苯,twse,03,52.787
1312,國喬,twse,03,152.662
1313,聯成,twse,03,133.0846
1314,中石化,twse,03,378.485
1315,達新,twse,03,9.9099
1316,上曜,twse,14,40.1646
1319,東陽,twse,12,59.1477
1321,大洋,twse,03,22.7228
1323,永裕,twse,03,9.1275
1324,地球,twse,03,7.5122
1325,恆大,twse,03,8.5281
1326,台化,twse,03,586.1186
1337,再生-KY,twse,03,26.8955
1338,廣華-KY,twse,12,8.384
1339,昭輝,twse,12,7.4124
1340,勝悅-KY,twse,03,15.2923
1341,富林-KY,twse,03,5.2851
1342,八貫,twse,20,7.8001
1402,遠東新,twse,04,535.2875
1409,新纖,twse,04,161.8409
1410,南染,twse,04,6.2
1413,宏洲,twse,04,13.2112
1414,東和,twse,04,19.8
1416,廣豐,twse,20,18.5342
1417,嘉裕,twse,04,18.9942
1418,東華,twse,04,5.6834
1419,新紡,twse,04,30.0041
1423,利華,twse,04,9.9648
1432,大魯閣,twse,37,10.8
1434,福懋,twse,04,168.4665
1435,中福,twse,20,13.978
1436,華友聯,twse,14,19.4152
1437,勤益控,twse,20,20.1871
1438,三地開發,twse,14,11.1206
1439,雋揚,twse,14,9.2
1440,南紡,twse,04,165.6816
1441,大東,twse,04,6.1744
1442,名軒,twse,14,36.6211
1443,立益物流,twse,20,13.5343
1444,力麗,twse,04,99.5595
1445,大宇,twse,04,13.0666
1446,宏和,twse,04,13.771
1447,力鵬,twse,04,91.0071
1449,佳和,twse,04,12.7115
1451,年興,twse,04,19.8
1452,宏益,twse,04,13.2641
1453,大將,twse,14,11.3243
1454,台富,twse,04,12.9834
1455,集盛,twse,04,53.1688
1456,怡華,twse,14,9.372
1457,宜進,twse,04,31.673
1459,聯發,twse,04,26.8972
1460,宏遠,twse,04,69.4643
1463,強盛新,twse,04,17.3268
1464,得力,twse,04,42.5576
1465,偉全,twse,04,10.3607
1466,聚隆,twse,04,11.1157
1467,南緯,twse,04,23.3625
1468,昶和,twse,04,16.0405
1470,大統新創,twse,04,8.5767
1471,首利,twse,28,15.0415
1472,三洋實業,twse,14,5.2488
1473,台南,twse,04,14.6154
1474,弘裕,twse,04,12.9897
1475,業旺,twse,04,6.6017
1476,儒鴻,twse,04,27.4367
1477,聚陽,twse,04,24.6694
1503,士電,twse,05,52.0972
1504,東元,twse,05,237.6441
1506,正道,twse,05,30.0389
1512,瑞利,twse,12,9.8183
1513,中興電,twse,05,50.3113
1514,亞力,twse,05,27.8571
1515,力山,twse,05,18.1473
1516,川飛,twse,20,4.0008
1517,利奇,twse,05,22.0
1519,華城,twse,05,34.7469
1521,大億,twse,12,7.623
1522,堤維西,twse,12,34.2898
1524,耿鼎,twse,12,16.531
1525,江申,twse,12,7.34
1526,日馳,twse,05,6.0
1527,鑽全,twse,05,13.8571
1528,恩德,twse,05,19.1331
1529,樂事綠能,twse,05,15.5095
1530,亞崴,twse,05,9.4594
1531,高林股,twse,05,18.2108
1532,勤美,twse,05,42.2604
1533,車王電,twse,12,9.8547
1535,中宇,twse,05,12.3743
1536,和大,twse,12,27.896
1537,廣隆,twse,05,8.2063
1538,正峰,twse,05,3.23
1539,巨庭,twse,05,6.537
1540,喬福,twse,05,8.5474
1541,錩泰,twse,05,7.88
1558,伸興,twse,05,6.4536
1560,中砂,twse,05,14.8925
1563,巧新,twse,12,22.5608
1568,倉佑,twse,12,10.3087
1582,信錦,twse,28,14.4269
1583,程泰,twse,05,10.94
1587,吉茂,twse,12,8.0056
1589,永冠-KY,twse,05,15.3136
1590,亞德客-KY,twse,05,20.0
1597,直得,twse,05,8.9262
1598,岱宇,twse,37,17.9142
1603,華電,twse,06,19.1688
1604,聲寶,twse,06,38.42
1605,華新,twse,06,443.1333
1608,華榮,twse,06,63.2774
1609,大亞,twse,06,78.5262
1611,中電,twse,06,32.2736
1612,宏泰,twse,06,31.608
1614,三洋電,twse,06,26.9113
1615,大山,twse,06,19.863
1616,億泰,twse,06,19.4149
1617,榮星,twse,06,16.9515
1618,合機,twse,06,19.2692
1623,大東電,twse,06,6.6
1626,艾美特-KY,twse,06,14.9822
1702,南僑,twse,02,29.4133
1707,葡萄王,twse,22,14.8137
1708,東鹼,twse,21,24.9002
1709,和益,twse,21,47.7016
1710,東聯,twse,21,88.5703
1711,永光,twse,21,54.7752
1712,興農,twse,21,42.0493
1713,國化,twse,21,15.0952
1714,和桐,twse,21,99.1825
1717,長興,twse,21,118.4245
1718,中纖,twse,21,168.5906
1720,生達,twse,22,19.6566
1721,三晃,twse,21,18.4884
1722,台肥,twse,21,98.0
1723,中碳,twse,21,23.6904
1725,元禎,twse,21,18.183
1726,永記,twse,21,16.2
1727,中華化,twse,21,12.802
1730,花仙子,twse,21,6.3234
1731,美吾華,twse,22,13.2915
1732,毛寶,twse,21,4.2444
1733,五鼎,twse,22,9.995
1734,杏輝,twse,22,19.0197
1735,日勝化,twse,21,9.9388
1736,喬山,twse,37,30.3395
1737,臺鹽,twse,02,20.0
1752,南光,twse,22,10.0988
1760,寶齡富錦,twse,22,8.5739
1762,中化生,twse,22,7.6918
1773,勝一,twse,21,30.0
1776,展宇,twse,21,6.0107
1783,和康生,twse,22,8.9698
1786,科妍,twse,22,7.4828
1789,神隆,twse,22,79.0739
1795,美時,twse,22,26.6874
1802,台玻,twse,08,290.8061
1805,寶徠,twse,14,13.497
1806,冠軍,twse,08,39.0404
1808,潤隆,twse,14,89.3032
1809,中釉,twse,08,16.7042
1810,和成,twse,08,30.2304
1817,凱撒衛,twse,08,7.26
1903,士紙,twse,09,26.0039
1904,正隆,twse,09,110.8275
1905,華紙,twse,09,110.2835
1906,寶隆,twse,09,15.1
1907,永豐餘,twse,09,166.0371
1909,榮成,twse,09,132.7686
2002,中鋼,twse,10,1577.3129
2006,東和鋼鐵,twse,10,73.0214
2007,燁興,twse,10,53.0652
2008,高興昌,twse,10,19.0852
2009,第一銅,twse,10,35.9622
2010,春源,twse,10,64.7655
2012,春雨,twse,10,30.2163
2013,中鋼構,twse,10,20.0
2014,中鴻,twse,10,143.5544
2015,豐興,twse,10,58.1599
2017,官田鋼,twse,10,44.6875
2020,美亞,twse,10,26.7031
2022,聚亨,twse,10,33.7168
2023,燁輝,twse,10,182.124
2024,志聯,twse,10,9.75
2025,千興,twse,10,17.2661
2027,大成鋼,twse,10,258.4261
2028,威致,twse,10,32.5715
2029,盛餘,twse,10,32.118
2030,彰源,twse,10,28.0526
2031,新光鋼,twse,10,32.1146
2032,新鋼,twse,10,13.0522
2033,佳大,twse,10,8.0695
2034,允強,twse,10,52.8996
2038,海光,twse,10,19.4134
2049,上銀,twse,05,35.3792
2059,川湖,twse,28,9.5297
2062,橋椿,twse,38,19.9994
2069,運錩,twse,10,16.6387
2072,世紀風電,twse,35,19.2
2101,南港,twse,11,73.3935
2102,泰豐,twse,11,47.3329
2103,台橡,twse,11,82.571
2104,國際中橡,twse,11,98.4734
2105,正新,twse,11,324.1416
2106,建大,twse,11,95.489
2107,厚生,twse,11,30.3593
2108,南帝,twse,11,49.2417
2109,華豐,twse,11,27.9349
2114,鑫永銓,twse,11,7.7992
2115,六暉-KY,twse,12,10.4373
2201,裕隆,twse,12,107.0001
2204,中華,twse,12,55.362
2206,三陽工業,twse,12,77.3676
2207,和泰車,twse,12,55.7103
2208,台船,twse,15,127.4539
2211,長榮鋼,twse,10,41.7091
2227,裕日車,twse,12,30.0
2228,劍麟,twse,12,7.978
2231,為升,twse,12,13.5932
2233,宇隆,twse,12,6.0289
2236,百達-KY,twse,12,6.3131
2237,華德動能-創,twse,12,12.8938
2239,英利-KY,twse,12,11.7713
2241,艾姆勒,twse,12,10.4602
2243,宏旭-KY,twse,12,7.7374
2247,汎德永業,twse,12,8.0709
2248,華勝-KY,twse,12,4.76
2250,IKKA-KY,twse,12,3.6388
2254,巨鎧精密-創,twse,12,6.3908
2258,鴻華先進-創,twse,12,175.1077
2301,光寶科,twse,25,231.6108
2302,麗正,twse,24,16.6303
2303,聯電,twse,24,1257.0094
2305,全友,twse,25,20.5661
2308,台達電,twse,28,259.7543
2312,金寶,twse,31,150.5781
2313,華通,twse,28,123.3821
2314,台揚,twse,27,10.8596
2316,楠梓電,twse,28,18.2741
2317,鴻海,twse,31,1402.8649
2321,東訊,twse,27,1.6555
2323,中環,twse,26,98.0413
2324,仁寶,twse,25,440.7147
2327,國巨*,twse,28,51.4683
2328,廣宇,twse,28,51.8346
2329,華泰,twse,24,65.8948
2330,台積電,twse,24,2593.237
2331,精英,twse,25,55.7403
2332,友訊,twse,27,60.217
2337,旺宏,twse,24,198.1857
2338,光罩,twse,24,36.6849
2340,台亞,twse,24,43.8623
2342,茂矽,twse,24,15.7335
2344,華邦電,twse,24,450.0
2345,智邦,twse,27,56.1118
2347,聯強,twse,29,166.7947
2348,海悅,twse,20,18.9486
2349,錸德,twse,26,69.368
2351,順德,twse,24,19.3734
2352,佳世達,twse,25,158.0507
2353,宏碁,twse,25,304.7854
2354,鴻準,twse,31,141.4485
2355,敬鵬,twse,28,39.7495
2356,英業達,twse,25,358.7475
2357,華碩,twse,25,74.276
2359,所羅門,twse,31,17.1471
2360,致茂,twse,31,42.5246
2362,藍天,twse,25,62.2263
2363,矽統,twse,24,51.4988
2364,倫飛,twse,25,5.239
2365,昆盈,twse,25,22.1528
2367,燿華,twse,28,70.6253
2368,金像電,twse,28,52.2933
2369,菱生,twse,24,38.0102
2371,大同,twse,05,215.0835
2373,震旦行,twse,31,23.6203
2374,佳能,twse,26,33.7992
2375,凱美,twse,28,10.8675
2376,技嘉,twse,25,66.9889
2377,微星,twse,25,84.4856
2379,瑞昱,twse,24,51.5513
2380,虹光,twse,25,6.0
2382,廣達,twse,25,410.7627
2383,台光電,twse,28,35.8321
2385,群光,twse,28,76.5721
2387,精元,twse,25,19.5251
2388,威盛,twse,24,55.5936
2390,云辰,twse,31,19.2619
2392,正崴,twse,28,51.2327
2393,億光,twse,26,44.3393
2395,研華,twse,25,86.9046
2397,友通,twse,25,11.4489
2399,映泰,twse,25,17.81
2401,凌陽,twse,24,59.1995
2402,毅嘉,twse,28,30.7537
2404,漢唐,twse,31,19.0587
2405,輔信,twse,25,34.3427
2406,國碩,twse,26,35.0906
2408,南亞科,twse,24,345.0206
2409,友達,twse,26,754.7099
2412,中華電,twse,27,775.7447
2413,環科,twse,28,12.7359
2414,精技,twse,29,16.1736
2415,錩新,twse,28,9.0
2417,圓剛,twse,25,15.7219
2419,仲琦,twse,27,32.1317
2420,新巨,twse,28,15.2649
2421,建準,twse,28,28.6944
2423,固緯,twse,31,14.5047
2424,隴華,twse,27,5.9585
2425,承啟,twse,25,9.6499
2426,鼎元,twse,26,30.0622
2427,三商電,twse,30,19.8
2428,興勤,twse,28,12.8113
2429,銘旺科,twse,26,8.55
2430,燦坤,twse,29,11.68
2431,聯昌,twse,28,11.0927
2432,倚天酷碁-創,twse,25,6.186
2433,互盛電,twse,31,14.4496
2434,統懋,twse,24,3.7
2436,偉詮電,twse,24,20.4178
2438,翔耀,twse,26,7.1196
2439,美律,twse,27,24.8641
2440,太空梭,twse,28,13.9117
2441,超豐,twse,24,56.8846
2442,新美齊,twse,14,32.5232
2444,兆勁,twse,27,10.157
2449,京元電子,twse,24,128.3882
2450,神腦,twse,27,25.8253
2451,創見,twse,24,43.1346
2453,凌群,twse,30,10.0
2454,聯發科,twse,24,160.3895
2455,全新,twse,27,18.4906
2457,飛宏,twse,28,42.4772
2458,義隆,twse,24,30.388
2459,敦吉,twse,31,10.5596
2460,建通,twse,28,16.92
2461,光群雷,twse,31,19.1888
2462,良得電,twse,28,15.0784
2464,盟立,twse,31,21.668
2465,麗臺,twse,25,9.3946
2466,冠西電,twse,26,17.3459
2467,志聖,twse,28,15.6855
2468,華經,twse,30,6.9961
2471,資通,twse,30,4.7254
2472,立隆電,twse,28,16.4735
2474,可成,twse,31,53.8821
2476,鉅祥,twse,28,21.8081
2477,美隆電,twse,31,15.8573
2478,大毅,twse,28,14.4731
2480,敦陽科,twse,30,10.636
2481,強茂,twse,24,38.2115
2482,連宇,twse,31,7.7883
2483,百容,twse,28,10.789
2484,希華,twse,28,15.9421
2485,兆赫,twse,27,31.7689
2486,一詮,twse,26,24.0483
2488,漢平,twse,31,7.9999
2489,瑞軒,twse,26,61.0
2491,吉祥全,twse,26,8.2008
2492,華新科,twse,28,48.5205
2493,揚博,twse,28,12.6797
2495,普安,twse,25,27.3552
2496,卓越,twse,20,1.91
2497,怡利電,twse,12,13.0888
2498,宏達電,twse,27,83.6097
2501,國建,twse,14,115.9561
2504,國產,twse,14,118.0
2505,國揚,twse,14,38.0
2506,太設,twse,14,38.7
2509,全坤建,twse,14,22.4551
2511,太子,twse,14,162.3326
2514,龍邦,twse,20,39.4729
2515,中工,twse,14,160.7904
2516,新建,twse,14,22.6278
2520,冠德,twse,14,60.9487
2524,京城,twse,14,36.5984
2527,宏璟,twse,14,27.0306
2528,皇普,twse,14,43.5996
2530,華建,twse,14,84.1256
2534,宏盛,twse,14,47.4228
2535,達欣工,twse,14,27.0794
2536,宏普,twse,14,33.2809
2537,聯上發,twse,14,30.0558
2538,基泰,twse,14,44.5025
2539,櫻花建,twse,14,119.3103
2540,愛山林,twse,14,94.4874
2542,興富發,twse,14,215.3084
2543,皇昌,twse,14,52.8542
2545,皇翔,twse,14,37.9735
2546,根基,twse,14,14.6187
2547,日勝生,twse,14,103.5095
2548,華固,twse,14,33.5705
2597,潤弘,twse,14,31.0716
2601,益航,twse,15,82.4776
2603,長榮,twse,15,216.5043
2605,新興,twse,15,58.5353
2606,裕民,twse,15,84.5056
2607,榮運,twse,15,53.3571
2608,嘉里大榮,twse,15,46.7
2609,陽明,twse,15,349.2104
2610,華航,twse,15,611.9965
2611,志信,twse,15,18.9002
2612,中航,twse,15,19.7485
2613,中櫃,twse,15,14.8423
2614,東森,twse,20,32.7265
2615,萬海,twse,15,280.6146
2616,山隆,twse,23,13.7282
2617,台航,twse,15,41.7294
2618,長榮航,twse,15,540.0444
2630,亞航,twse,15,20.9438
2633,台灣高鐵,twse,15,562.8293
2634,漢翔,twse,15,94.1867
2636,台驊控股,twse,15,14.1835
2637,慧洋-KY,twse,15,74.6409
2642,宅配通,twse,15,9.5467
2645,長榮航太,twse,15,37.4571
2646,星宇航空,twse,15,300.8735
2701,萬企,twse,16,44.9968
2702,華園,twse,16,15.6613
2704,國賓,twse,16,36.6923
2705,六福,twse,16,19.1313
2706,第一店,twse,16,49.9998
2707,晶華,twse,16,12.7403
2712,遠雄來,twse,16,10.5
2722,夏都,twse,16,14.317
2723,美食-KY,twse,16,18.0
2727,王品,twse,16,8.294
2731,雄獅,twse,16,9.3278
2739,寒舍,twse,16,9.1526
2748,雲品,twse,16,10.5779
2753,八方雲集,twse,16,6.6645
2762,世界健身-KY,twse,37,11.25
2801,彰銀,twse,17,1206.0197
2812,台中銀,twse,17,642.5075
2816,旺旺保,twse,17,22.3608
2820,華票,twse,17,134.296
2832,台產,twse,17,25.354
2834,臺企銀,twse,17,1039.8326
2836,高雄銀,twse,17,189.8316
2838,聯邦銀,twse,17,454.0552
2845,遠東銀,twse,17,486.5285
2849,安泰銀,twse,17,195.7609
2850,新產,twse,17,31.5963
2851,中再保,twse,17,80.0389
2852,第一保,twse,17,30.1164
2855,統一證,twse,17,160.1414
2867,三商壽,twse,17,589.9501
2880,華南金,twse,17,1391.6965
2881,富邦金,twse,17,1560.7355
2882,國泰金,twse,17,1620.251
2883,凱基金,twse,17,1855.6989
2884,玉山金,twse,17,1619.2
2885,元大金,twse,17,1333.115
2886,兆豐金,twse,17,1483.3378
2887,台新新光金,twse,17,2960.6151
2889,國票金,twse,17,363.3563
2890,永豐金,twse,17,1479.2169
2891,中信金,twse,17,2017.5923
2892,第一金,twse,17,1437.9469
2897,王道銀行,twse,17,305.5358
2901,欣欣,twse,18,7.3043
2903,遠百,twse,18,141.6941
2904,匯僑,twse,20,7.7834
2905,三商,twse,18,111.0372
2906,高林,twse,18,20.9117
2908,特力,twse,18,50.9888
2910,統領,twse,18,17.5403
2911,麗嬰房,twse,18,10.5126
2912,統一超,twse,18,103.9622
2913,農林,twse,18,79.0
2915,潤泰全,twse,18,110.4319
2923,鼎固-KY,twse,14,174.0297
2929,淘帝-KY,twse,18,10.9494
2939,永邑-KY,twse,18,4.5549
2945,三商家購,twse,18,6.75
3002,歐格,twse,25,10.2
3003,健和興,twse,28,15.5655
3004,豐達科,twse,10,6.4365
3005,神基,twse,25,62.431
3006,晶豪科,twse,24,29.8128
3008,大立光,twse,26,13.0798
3010,華立,twse,29,25.9437
3011,今皓,twse,28,12.9601
3013,晟銘電,twse,25,20.5139
3014,聯陽,twse,24,16.5954
3015,全漢,twse,28,18.7262
3016,嘉晶,twse,24,29.0357
3017,奇鋐,twse,25,39.2543
3018,隆銘綠能,twse,31,7.5378
3019,亞光,twse,26,27.9244
3021,鴻名,twse,28,9.489
3022,威強電,twse,25,17.6598
3023,信邦,twse,28,24.0069
3024,憶聲,twse,26,27.7157
3025,星通,twse,27,5.6736
3026,禾伸堂,twse,28,16.589
3027,盛達,twse,27,12.916
3028,增你強,twse,29,23.7241
3029,零壹,twse,30,16.7005
3030,德律,twse,31,23.6216
3031,佰鴻,twse,26,17.3203
3032,偉訓,twse,28,11.3286
3033,威健,twse,29,51.6559
3034,聯詠,twse,24,60.8511
3035,智原,twse,24,26.055
3036,文曄,twse,29,127.0563
3037,欣興,twse,28,163.8873
3038,全台,twse,26,15.7408
3040,遠見,twse,20,6.6225
3041,揚智,twse,24,14.0224
3042,晶技,twse,28,34.2993
3043,科風,twse,31,3.8976
3044,健鼎,twse,28,52.5606
3045,台灣大,twse,27,372.3262
3046,建碁,twse,25,7.8448
3047,訊舟,twse,27,22.4762
3048,益登,twse,29,26.983
3049,精金,twse,26,80.2011
3050,鈺德,twse,26,15.4984
3051,力特,twse,26,16.7
3052,夆典,twse,14,23.3246
3054,立萬利,twse,02,8.0651
3055,蔚華科,twse,29,11.4975
3056,富華新,twse,14,48.0555
3057,喬鼎,twse,25,6.7865
3058,立德,twse,28,20.1723
3059,華晶科,twse,26,30.7668
3060,銘異,twse,25,13.7563
3062,建漢,twse,27,33.0082
3090,日電貿,twse,28,28.7567
3092,鴻碩,twse,28,10.6649
3094,聯傑,twse,24,8.3117
3130,一零四,twse,36,3.3191
3135,凌航,twse,24,9.0071
3138,耀登,twse,27,5.1732
3149,正達,twse,26,22.6234
3150,鈺寶-創,twse,24,4.4377
3164,景岳,twse,22,8.601
3167,大量,twse,05,8.9513
3168,眾福科,twse,26,7.51
3189,景碩,twse,24,52.691
3209,全科,twse,29,23.5391
3229,晟鈦,twse,28,6.4263
3231,緯創,twse,25,318.0052
3257,虹冠電,twse,24,7.9824
3266,昇陽,twse,14,35.2314
3296,勝德,twse,28,9.6724
3305,昇貿,twse,31,14.3374
3308,聯德,twse,28,6.0
3311,閎暉,twse,27,10.0
3312,弘憶股,twse,29,18.2627
3321,同泰,twse,28,8.6114
3338,泰碩,twse,28,8.7908
3346,麗清,twse,12,12.1228
3356,奇偶,twse,26,6.855
3376,新日興,twse,28,19.5764
3380,明泰,twse,27,54.1718
3406,玉晶光,twse,26,11.2743
3413,京鼎,twse,24,11.0762
3416,融程電,twse,25,8.0496
3419,譁裕,twse,27,12.048
3432,台端,twse,28,4.223
3437,榮創,twse,26,14.4548
3443,創意,twse,24,13.4012
3447,展達,twse,27,7.7449
3450,聯鈞,twse,24,14.5681
3481,群創,twse,26,798.9197
3494,誠研,twse,25,9.48
3501,維熹,twse,28,11.8258
3504,揚明光,twse,26,11.406
3515,華擎,twse,25,12.3544
3518,柏騰,twse,31,10.2467
3528,安馳,twse,29,6.6639
3530,晶相光,twse,24,7.7476
3532,台勝科,twse,24,38.7848
3533,嘉澤,twse,28,11.2535
3535,晶彩科,twse,26,7.9052
3543,州巧,twse,26,11.0263
3545,敦泰,twse,24,22.2411
3550,聯穎,twse,28,10.755
3557,嘉威,twse,38,8.4315
3563,牧德,twse,26,6.3961
3576,聯合再生,twse,26,162.7795
3583,辛耘,twse,24,8.3859
3588,通嘉,twse,24,6.1991
3591,艾笛森,twse,26,13.0387
3592,瑞鼎,twse,24,7.5855
3593,力銘,twse,28,6.0825
3596,智易,twse,27,22.0354
3605,宏致,twse,28,17.4697
3607,谷崧,twse,28,12.1662
3617,碩天,twse,31,9.4766
3622,洋華,twse,26,15.1328
3645,達邁,twse,28,13.6754
3652,精聯,twse,25,7.5098
3653,健策,twse,28,14.6733
3661,世芯-KY,twse,24,8.627
3665,貿聯-KY,twse,31,19.9578
3669,圓展,twse,27,9.292
3673,TPK-KY,twse,26,40.6664
3679,新至陞,twse,28,6.3022
3686,達能,twse,24,7.6495
3694,海華,twse,27,15.4891
3701,大眾控,twse,25,23.6669
3702,大聯大,twse,29,168.3621
3703,欣陸,twse,14,82.3216
3704,合勤控,twse,27,41.5445
3705,永信,twse,22,26.6423
3706,神達,twse,25,132.7212
3708,上緯投控,twse,35,9.2105
3711,日月光投控,twse,24,447.0572
3712,永崴投控,twse,25,24.6242
3714,富采,twse,26,73.794
3715,定穎投控,twse,28,28.3575
3716,中化控股,twse,22,15.0579
3717,聯嘉投控,twse,12,20.7845
4104,佳醫,twse,22,18.8367
4106,雃博,twse,22,10.0912
4108,懷特,twse,22,19.8619
4119,旭富,twse,22,11.9509
4133,亞諾法,twse,22,6.0554
4137,麗豐-KY,twse,22,8.2492
4142,國光生,twse,22,42.9508
4148,全宇生技-KY,twse,22,6.7236
4155,訊映,twse,22,14.4684
4164,承業醫,twse,22,19.5311
4169,泰宗,twse,22,6.6432
4178,永笙-KY,twse,22,21.5867
4190,佐登-KY,twse,22,6.1446
4195,基米-創,twse,22,8.0
4306,炎洲,twse,03,67.6757
4414,如興,twse,04,26.3796
4426,利勤,twse,04,17.2677
4438,廣越,twse,04,11.3425
4439,冠星-KY,twse,04,3.8116
4440,宜新實業,twse,04,6.7598
4441,振大環球,twse,04,6.8176
4526,東台,twse,05,25.4826
4532,瑞智,twse,05,49.4895
4536,拓凱,twse,37,9.082
4540,全球傳動,twse,05,11.5187
4545,銘鈺,twse,28,7.7
4551,智伸科,twse,12,11.5222
4552,力達-KY,twse,05,11.6
4555,氣立,twse,05,6.9988
4557,永新-KY,twse,12,4.7972
4560,強信-KY,twse,05,6.8097
4562,穎漢,twse,05,8.7546
4564,元翎,twse,05,23.2788
4566,時碩工業,twse,05,11.0381
4569,六方科-KY,twse,12,3.06
4571,鈞興-KY,twse,05,5.3017
4572,駐龍,twse,05,4.0019
4576,大銀微系統,twse,05,11.9802
4581,光隆精密-KY,twse,12,3.3899
4582,聚恆-創,twse,35,7.548
4583,台灣精銳,twse,05,8.0171
4585,達明,twse,31,10.4609
4588,玖鼎電力,twse,31,4.2985
4590,富田-創,twse,05,5.4838
4720,德淵,twse,21,11.4516
4722,國精化,twse,21,10.2785
4736,泰博,twse,22,9.5374
4737,華廣,twse,22,7.7328
4739,康普,twse,21,12.4649
4746,台耀,twse,22,12.0256
4755,三福化,twse,21,10.0706
4763,材料*-KY,twse,21,9.8915
4764,雙鍵,twse,21,8.5542
4766,南寶,twse,21,12.0571
4770,上品,twse,21,7.9976
4771,望隼,twse,22,5.8709
4807,日成-KY,twse,18,4.8996
4904,遠傳,twse,27,360.7705
4906,正文,twse,27,43.6353
4912,聯德控股-KY,twse,28,6.6993
4915,致伸,twse,28,47.1881
4916,事欣科,twse,25,12.3714
4919,新唐,twse,24,41.9765
4927,泰鼎-KY,twse,28,26.4938
4930,燦星網,twse,06,8.0
4934,太極,twse,26,22.5
4935,茂林-KY,twse,26,12.8864
4938,和碩,twse,25,268.2044
4942,嘉彰,twse,26,14.2368
4943,康控-KY,twse,28,12.6694
4949,有成精密,twse,26,6.7703
4952,凌通,twse,24,10.8816
4956,光鋐,twse,26,10.0408
4958,臻鼎-KY,twse,28,111.7274
4960,誠美材,twse,26,57.1705
4961,天鈺,twse,24,12.1254
4967,十銓,twse,24,8.4963
4968,立積,twse,24,9.221
4976,佳凌,twse,26,14.1218
4977,眾達-KY,twse,27,8.269
4989,榮科,twse,28,17.2777
4994,傳奇,twse,30,6.6383
4999,鑫禾,twse,28,7.4417
5007,三星,twse,10,29.494
5203,訊連,twse,30,7.9343
5215,科嘉-KY,twse,25,6.4337
5222,全訊,twse,24,9.1095
5225,東科-KY,twse,31,7.9136
5234,達興材料,twse,26,10.2716
5236,凌陽創新,twse,24,6.0004
5243,乙盛-KY,twse,26,16.8529
5244,弘凱,twse,26,6.8242
5258,虹堡,twse,25,11.0365
5269,祥碩,twse,24,7.4156
5283,禾聯碩,twse,06,8.7601
5284,jpp-KY,twse,20,5.2893
5285,界霖,twse,24,10.2041
5288,豐祥-KY,twse,05,6.9699
5292,華懋,twse,35,4.6319
5306,桂盟,twse,37,12.6001
5388,中磊,twse,27,30.4343
5434,崇越,twse,29,19.3658
5469,瀚宇博,twse,28,48.6166
5471,松翰,twse,24,16.7877
5484,慧友,twse,26,6.6801
5515,建國,twse,14,20.16
5519,隆大,twse,14,23.0157
5521,工信,twse,14,49.228
5522,遠雄,twse,14,78.1596
5525,順天,twse,14,31.8105
5531,鄉林,twse,14,107.7589
5533,皇鼎,twse,14,28.5245
5534,長虹,twse,14,31.5326
5538,東明-KY,twse,10,20.1203
5546,永固-KY,twse,14,8.2353
5607,遠雄港,twse,15,37.0553
5608,四維航,twse,15,38.9276
5706,鳳凰,twse,16,8.3768
5871,中租-KY,twse,20,189.565
5876,上海商銀,twse,17,486.1603
5880,合庫金,twse,17,1568.0937
5906,台南-KY,twse,18,3.5741
5907,大洋-KY,twse,18,19.5531
6005,群益證,twse,17,217.0908
6024,群益期,twse,17,26.6683
6108,競國,twse,28,15.4494
6112,邁達特,twse,30,18.8357
6115,鎰勝,twse,28,18.7662
6116,彩晶,twse,26,285.8655
6117,迎廣,twse,25,9.2545
6120,達運,twse,26,59.9
6128,上福,twse,25,12.7589
6133,金橋,twse,28,11.7006
6136,富爾特,twse,27,11.5536
6139,亞翔,twse,31,23.5576
6141,柏承,twse,28,11.3354
6142,友勁,twse,27,33.0779
6152,百一,twse,27,16.7738
6153,嘉聯益,twse,28,63.6178
6155,鈞寶,twse,28,8.8024
6164,華興,twse,26,8.0
6165,浪凡,twse,36,7.7753
6166,凌華,twse,25,21.7769
6168,宏齊,twse,26,20.5762
6176,瑞儀,twse,26,34.877
6177,達麗,twse,14,47.1891
6183,關貿,twse,30,15.0
6184,大豐電,twse,20,15.8231
6189,豐藝,twse,29,26.378
6191,精成科,twse,28,49.9303
6192,巨路,twse,31,9.6156
6196,帆宣,twse,31,22.033
6197,佳必琪,twse,28,12.3439
6201,亞弘電,twse,31,8.92
6202,盛群,twse,24,23.0388
6205,詮欣,twse,28,8.2236
6206,飛捷,twse,25,14.3062
6209,今國光,twse,26,18.0463
6213,聯茂,twse,28,36.3562
6214,精誠,twse,30,27.2243
6215,和椿,twse,31,8.279
6216,居易,twse,27,9.7296
6224,聚鼎,twse,28,8.5645
6225,天瀚,twse,26,2.78
6226,光鼎,twse,26,11.5535
6230,尼得科超眾,twse,25,8.6343
6235,華孚,twse,25,19.9906
6239,力成,twse,24,75.9147
6243,迅杰,twse,24,4.5269
6257,矽格,twse,24,48.3912
6269,台郡,twse,28,32.3831
6271,同欣電,twse,24,20.9058
6272,驊陞,twse,28,8.1764
6277,宏正,twse,25,11.9471
6278,台表科,twse,26,29.2398
6281,全國電,twse,29,9.9173
6282,康舒,twse,28,85.6031
6283,淳安,twse,31,14.8981
6285,啟碁,twse,27,48.3441
6405,悅城,twse,26,6.58
6409,旭隼,twse,31,8.8254
6412,群電,twse,28,40.0769
6414,樺漢,twse,25,14.5886
6415,矽力*-KY,twse,24,9.7363
6416,瑞祺電通,twse,27,7.3348
6426,統新,twse,27,3.8509
6431,光麗-KY,twse,22,9.7399
6438,迅得,twse,31,8.2206
6442,光聖,twse,27,8.045
6443,元晶,twse,26,53.8691
6446,藥華藥,twse,22,42.2435
6449,鈺邦,twse,28,9.1878
6451,訊芯-KY,twse,24,11.4726
6456,GIS-KY,twse,26,33.794
6464,台數科,twse,20,13.3933
6472,保瑞,twse,22,12.7756
6477,安集,twse,26,12.3787
6491,晶碩,twse,22,7.8
6504,南六,twse,20,7.26
6505,台塑化,twse,23,952.596
6515,穎崴,twse,24,3.6038
6525,捷敏-KY,twse,24,12.9047
6526,達發,twse,24,16.7506
6531,愛普*,twse,24,8.1423
6533,晶心科,twse,24,5.0651
6534,正瀚-創,twse,22,10.28
6541,泰福-KY,twse,22,26.5125
6550,北極星藥業-KY,twse,22,89.4793
6552,易華電,twse,24,8.3
6558,興能高,twse,31,9.3789
6573,虹揚-KY,twse,24,8.0499
6579,研揚,twse,25,16.9451
6581,鋼聯,twse,35,11.1271
6582,申豐,twse,11,10.6174
6585,鼎基,twse,20,7.2134
6589,台康生技,twse,22,30.6871
6591,動力-KY,twse,25,4.1122
6592,和潤企業,twse,20,74.1845
6598,ABC-KY,twse,22,10.2819
6605,帝寶,twse,12,16.5816
6606,建德工業,twse,05,11.0304
6614,資拓宏宇,twse,36,8.0661
6625,必應,twse,20,5.7972
6641,基士德-KY,twse,35,3.65
6645,金萬林-創,twse,22,6.0864
6655,科定,twse,20,8.0572
6657,華安,twse,22,8.8808
6658,聯策,twse,31,3.637
6666,羅麗芬-KY,twse,22,4.7388
6668,中揚光,twse,26,10.7116
6669,緯穎,twse,25,18.5841
6670,復盛應用,twse,37,13.9387
6671,三能-KY,twse,38,6.075
6672,騰輝電子-KY,twse,28,8.162
6674,鋐寶科技,twse,27,6.8551
6689,伊雲谷,twse,36,6.8
6691,洋基工程,twse,31,12.1487
6695,芯鼎,twse,24,10.6478
6698,旭暉應材,twse,31,6.639
6706,惠特,twse,26,7.8549
6715,嘉基,twse,28,6.8274
6719,力智,twse,24,10.5517
6722,輝創,twse,31,8.84
6742,澤米,twse,26,7.1268
6743,安普新,twse,31,15.0
6753,龍德造船,twse,15,11.7254
6754,匯僑設計,twse,38,6.6
6756,威鋒電子,twse,24,6.999
6757,台灣虎航,twse,15,45.953
6768,志強-KY,twse,37,20.0095
6770,力積電,twse,24,471.2081
6771,平和環保-創,twse,35,3.1179
6776,展碁國際,twse,29,9.1581
6781,AES-KY,twse,28,8.5419
6782,視陽,twse,22,6.3
6789,采鈺,twse,24,31.8299
6790,永豐實,twse,09,26.7129
6792,詠業,twse,27,4.7875
6794,向榮生技,twse,22,6.3637
6796,晉弘,twse,22,4.0234
6799,來頡,twse,24,4.3652
6805,富世達,twse,28,6.8554
6807,峰源-KY,twse,38,5.4
6830,汎銓,twse,31,5.4414
6831,邁科,twse,25,6.75
6834,天二科技,twse,28,8.8471
6835,圓裕,twse,28,6.6172
6838,台新藥,twse,22,15.0977
6854,錼創科技-KY創,twse,24,11.7679
6861,睿生光電,twse,22,4.1599
6862,三集瑞-KY,twse,28,5.0
6863,永道-KY,twse,27,7.4888
6869,雲豹能源,twse,35,13.783
6873,泓德能源,twse,35,14.2649
6885,全福生技,twse,22,13.3061
6887,寶綠特-KY,twse,35,7.4206
6890,來億-KY,twse,37,25.0296
6901,鑽石投資,twse,20,85.336
6902,GOGOLOOK,twse,36,3.553
6906,現觀科,twse,36,3.3537
6908,宏碁遊戲-創,twse,29,3.718
6909,創控,twse,24,6.7213
6914,阜爾運通,twse,20,6.6226
6916,華凌,twse,26,6.75
6918,愛派司,twse,22,3.4571
6919,康霈*,twse,22,7.786
6921,嘉雨思-創,twse,24,3.1837
6923,中台,twse,35,9.0439
6924,榮惠-KY創,twse,28,2.0624
6928,攸泰科技,twse,25,8.6
6931,青松健康,twse,22,6.6152
6933,AMAX-KY,twse,25,4.2443
6934,心誠鎂,twse,22,3.613
6936,永鴻生技,twse,22,7.2804
6937,天虹,twse,24,6.7655
6944,兆聯實業,twse,35,9.9694
6947,台鎔科技,twse,35,10.6126
6949,沛爾生醫-創,twse,22,6.558
6951,青新-創,twse,35,5.2
6952,大武山,twse,20,6.8345
6955,邦睿生技-創,twse,22,2.4801
6957,裕慶-KY,twse,20,5.556
6958,日盛台駿,twse,20,44.1289
6962,奕力-KY,twse,24,49.2397
6965,中傑-KY,twse,37,15.6336
6969,成信實業*-創,twse,35,7.092
6988,威力暘-創,twse,12,4.76
6994,富威電力,twse,35,7.4162
7610,聯友金屬-創,twse,35,5.8305
7631,聚賢研發-創,twse,31,2.0142
7689,大鵬科CLMX,twse,27,5.8507
7705,三商餐飲,twse,16,6.6067
7711,永擎,twse,25,7.17
7721,微程式,twse,36,5.537
7722,LINEPAY,twse,36,7.14
7730,暉盛-創,twse,24,3.6797
7732,金興精密,twse,12,6.468
7736,虎山,twse,12,7.6
7740,熙特爾-創,twse,35,6.0
7749,意騰-KY,twse,24,4.6486
7750,新代,twse,05,7.1843
7760,享溫馨,twse,16,6.6048
7765,中華資安,twse,36,4.0681
7768,頌勝科技,twse,24,7.0065
7769,鴻勁,twse,24,17.993
7780,大研生醫*,twse,02,8.1002
7786,東方風能,twse,35,17.5954
7788,松川精密,twse,28,7.9746
7791,皇家可口,twse,02,8.0
7795,長廣,twse,28,7.8829
7799,禾榮科,twse,22,15.8245
7803,雲象科技-創,twse,22,9.4413
7818,溢泰實業,twse,35,16.7946
7821,神數,twse,12,12.1913
7822,倍利科,twse,24,4.5561
7823,奧義賽博-KY創,twse,36,3.3491
7827,漢康-KY創,twse,22,13.9972
7835,永悅健康-創,twse,36,4.6544
7855,和運租車,twse,20,19.2528
8011,台通,twse,27,16.5922
8016,矽創,twse,24,12.0137
8021,尖點,twse,31,14.5042
8028,昇陽半導體,twse,24,17.9492
8033,雷虎,twse,20,16.463
8039,台虹,twse,28,26.3804
8045,達運光電,twse,27,9.5042
8046,南電,twse,28,64.6165
8070,長華*,twse,29,7.2565
8072,陞泰,twse,29,8.0
8081,致新,twse,24,8.6172
8101,華冠,twse,27,5.2166
8103,瀚荃,twse,28,7.8437
8104,錸寶,twse,26,10.4058
8105,凌巨,twse,26,44.1545
8110,華東,twse,24,51.774
8112,至上,twse,29,59.5293
8114,振樺電,twse,25,10.7641
8131,福懋科,twse,24,44.2222
8150,南茂,twse,24,70.4523
8162,微矽電子-創,twse,24,6.8702
8163,達方,twse,25,28.0
8201,無敵,twse,31,6.2366
8210,勤誠,twse,25,12.5319
8213,志超,twse,28,27.1242
8215,明基材,twse,26,32.0675
8222,寶一,twse,05,6.8574
8249,菱光,twse,28,13.7825
8261,富鼎,twse,24,11.8878
8271,宇瞻,twse,24,12.9614
8341,日友,twse,35,13.0
8367,建新國際,twse,15,9.2172
8374,羅昇,twse,05,11.225
8404,百和興業-KY,twse,20,41.9934
8411,福貞-KY,twse,20,21.8404
8422,可寧衛*,twse,35,13.5876
8429,金麗-KY,twse,18,18.5747
8438,昶昕,twse,35,6.9943
8442,威宏-KY,twse,20,7.017
8443,阿瘦,twse,18,6.68
8454,富邦媒,twse,36,26.4975
8462,柏文,twse,37,8.0387
8463,潤泰材,twse,20,15.0
8464,億豐,twse,38,29.302
8466,美吉吉-KY,twse,20,7.9446
8467,波力-KY,twse,37,4.8374
8473,山林水,twse,35,18.2307
8476,台境*,twse,35,8.3113
8478,東哥遊艇,twse,37,9.3972
8481,政伸,twse,20,6.6602
8482,商億-KY,twse,38,10.7444
8487,愛爾達-創,twse,36,2.6535
8488,吉源-KY,twse,20,7.35
8499,鼎炫-KY,twse,31,4.1166
8926,台汽電,twse,23,83.0282
8940,新天地,twse,16,6.7491
8996,高力,twse,05,9.3502
9103,美德醫療-DR,twse,91,8.2704
9105,泰金寶-DR,twse,91,93.8314
9110,越南控-DR,twse,91,0.3817
9136,巨騰-DR,twse,91,4.4076
9802,鈺齊-KY,twse,37,20.0992
9902,台火,twse,20,9.805
9904,寶成,twse,37,294.6787
9905,大華,twse,20,30.5
9906,欣巴巴,twse,14,9.0376
9907,統一實,twse,20,157.9145
9908,大台北,twse,23,51.6358
9910,豐泰,twse,37,98.7483
9911,櫻花,twse,38,22.239
9912,偉聯,twse,25,5.3793
9914,美利達,twse,37,29.8984
9917,中保科,twse,20,45.1197
9918,欣天然,twse,23,18.0537
9919,康那香,twse,20,19.5363
9921,巨大,twse,37,39.2065
9924,福興,twse,38,15.0762
9925,新保,twse,20,38.749
9926,新海,twse,23,17.9504
9927,泰銘,twse,20,12.0
9928,中視,twse,20,7.0725
9929,秋雨,twse,20,10.128
9930,中聯資源,twse,35,24.854
9931,欣高,twse,23,12.0369
9933,中鼎,twse,20,94.4437
9934,成霖,twse,38,41.1017
9935,慶豐富,twse,38,17.7839
9937,全國,twse,23,30.9043
9938,百和,twse,20,29.7964
9939,宏全,twse,20,29.5786
9940,信義,twse,20,73.6847
9941,裕融,twse,20,67.5636
9942,茂順,twse,20,8.3161
9943,好樂迪,twse,16,12.5172
9944,新麗,twse,20,10.5908
9945,潤泰新,twse,20,284.4225
9946,三發地產,twse,14,32.6554
9955,佳龍,twse,35,10.4425
9958,世紀鋼,twse,10,24.6897
4551,主動統一前沿科技,tpex,,677576000
1240,茂生農經,tpex,,44232373
1259,安心,tpex,,32389500
1264,德麥,tpex,,37052367
1268,漢來美食,tpex,,42223730
1294,漢田生技,tpex,,36625875
1295,生合,tpex,,37599800
1336,台翰,tpex,,77614419
1565,精華,tpex,,50416516
1569,濱川,tpex,,144247441
1570,力肯,tpex,,51500839
1580,新麥,tpex,,49339242
1584,精剛,tpex,,232470533
1586,和勤,tpex,,131849467
1591,駿吉-KY,tpex,,38048047
1593,祺驊,tpex,,39784772
1595,川寶,tpex,,55554896
1599,宏佳騰,tpex,,73028764
1742,台蠟,tpex,,92671300
1777,生泰,tpex,,44591713
1780,立弘,tpex,,109075173
1781,合世,tpex,,47407605
1784,訊聯,tpex,,53121191
1785,光洋科,tpex,,595980243
1788,杏昌,tpex,,44520971
1796,金穎生技,tpex,,41459793
1799,易威,tpex,,248775894
1813,寶利徠,tpex,,46635510
1815,富喬,tpex,,585479487
2035,唐榮,tpex,,350000000
2061,風青,tpex,,57378052
2063,世鎧,tpex,,48101453
2064,晉椿,tpex,,69330000
2065,世豐,tpex,,63516707
2066,世德,tpex,,44449527
2067,嘉鋼,tpex,,45138177
2070,精湛,tpex,,41782800
2073,雄順,tpex,,27500000
2221,大甲,tpex,,42325000
2230,泰茂,tpex,,68029605
2235,謚源,tpex,,35878000
2596,綠意,tpex,,100000000
2640,大車隊,tpex,,59264956
2641,正德,tpex,,330333744
2643,捷迅,tpex,,35000000
2718,全心投控,tpex,,87576000
2719,燦星旅,tpex,,69182500
2724,藝舍-KY,tpex,,59656345
2726,雅茗-KY,tpex,,37922454
2729,瓦城,tpex,,43040783
2732,六角,tpex,,46518570
2734,易飛網,tpex,,57259760
2736,富野,tpex,,79972230
2740,華軒,tpex,,16762016
2743,山富,tpex,,46815210
2745,五福,tpex,,33808526
2751,王座,tpex,,19844500
2752,豆府,tpex,,26693861
2754,亞洲藏壽司,tpex,,46907000
2755,揚秦,tpex,,46792491
2756,聯發國際,tpex,,24597584
2916,滿心,tpex,,64626878
2924,宏太-KY,tpex,,52035934
2926,誠品生活,tpex,,47389650
2937,集雅社,tpex,,47896173
2941,米斯特,tpex,,15390000
2947,振宇五金,tpex,,23642366
2948,寶陞,tpex,,32000000
2949,欣新網,tpex,,30641100
3064,泰偉,tpex,,13011451
3066,李洲,tpex,,83070612
3067,全域,tpex,,20000000
3071,協禧,tpex,,110000000
3073,天方能源,tpex,,39511028
3078,僑威,tpex,,227391064
3081,聯亞,tpex,,101769004
3083,網龍,tpex,,86486858
3086,華義*,tpex,,272710510
3088,艾訊,tpex,,111071218
3093,港建*,tpex,,145155576
3095,及成,tpex,,10000000
3105,穩懋,tpex,,423940384
3114,好德,tpex,,65129792
3115,富榮綱,tpex,,72197615
3118,進階,tpex,,32452860
3122,笙泉,tpex,,40771918
3128,昇銳,tpex,,50156538
3131,弘塑,tpex,,29903550
3141,晶宏,tpex,,75460728
3147,大綜,tpex,,43686831
3152,璟德,tpex,,39016200
3158,嘉實,tpex,,30633175
3162,精確,tpex,,154341112
3163,波若威,tpex,,94635370
3169,亞信,tpex,,63306981
3171,炎洲流通,tpex,,33118158
3176,基亞,tpex,,139306755
3178,公準,tpex,,45050000
3188,鑫龍騰,tpex,,189087767
3191,雲嘉南,tpex,,43597381
3205,佰研,tpex,,67545631
3206,志豐,tpex,,58916621
3207,耀勝,tpex,,66422124
3211,順達,tpex,,154387021
3213,茂訊,tpex,,58685547
3217,優群,tpex,,90104203
3218,大學光,tpex,,84724899
3219,倚強科,tpex,,71780880
3221,台嘉碩,tpex,,105062110
3224,三顧,tpex,,78172648
3226,龍鋒,tpex,,64430573
3227,原相,tpex,,151938122
3228,金麗科,tpex,,71937495
3230,錦明,tpex,,86010900
3232,昱捷,tpex,,46567865
3234,光環,tpex,,126474692
3236,千如,tpex,,105000613
3252,海灣,tpex,,50195754
3259,鑫創,tpex,,72965934
3260,威剛,tpex,,333809875
3264,欣銓,tpex,,490170076
3265,台星科,tpex,,136261659
3268,海德威,tpex,,34720796
3272,東碩,tpex,,61176789
3276,宇環,tpex,,69712666
3284,太普高,tpex,,108482473
3285,微端,tpex,,42735324
3287,廣寰科,tpex,,43970483
3288,點晶,tpex,,16380000
3289,宜特,tpex,,86746371
3290,東浦,tpex,,90215034
3293,鈊象,tpex,,281801560
3294,英濟,tpex,,132015919
3297,杭特,tpex,,36049445
3303,岱稜,tpex,,94090607
3306,鼎天,tpex,,50607702
3310,佳穎,tpex,,74948402
3313,斐成,tpex,,221133831
3317,尼克森,tpex,,90000000
3322,建舜電,tpex,,137582157
3323,加百裕,tpex,,99593385
3324,雙鴻,tpex,,93076837
3325,旭品,tpex,,110168610
3332,幸康,tpex,,48104246
3339,泰谷,tpex,,66568300
3349,寶德,tpex,,46071648
3354,律勝,tpex,,70112426
3357,臺慶科,tpex,,116385739
3360,尚立,tpex,,76402244
3362,先進光,tpex,,147445475
3363,上詮,tpex,,113640567
3372,典範,tpex,,235324000
3373,熱映,tpex,,47618782
3374,精材,tpex,,271364316
3379,彬台,tpex,,38041748
3388,崇越電,tpex,,77752824
3390,旭軟,tpex,,79329659
3402,漢科,tpex,,73047692
3430,奇鈦科,tpex,,33716085
3434,哲固,tpex,,35754740
3438,類比科,tpex,,47165815
3441,聯一光,tpex,,40039920
3444,利機,tpex,,44996877
3455,由田,tpex,,59850750
3465,進泰電子,tpex,,42329862
3466,德晉,tpex,,77892073
3467,台灣精材,tpex,,31106569
3479,安勤,tpex,,72631993
3483,力致,tpex,,99049257
3484,崧騰,tpex,,78828189
3485,敘豐,tpex,,38500850
3489,森寶,tpex,,90452155
3490,單井,tpex,,55006435
3491,昇達科,tpex,,68805125
3492,長盛,tpex,,35531600
3498,陽程,tpex,,61273008
3499,環天科,tpex,,54970596
3508,位速,tpex,,104311737
3511,矽瑪,tpex,,79972945
3512,皇龍,tpex,,113072372
3516,亞帝歐,tpex,,59560874
3520,華盈,tpex,,68846778
3521,台鋼建設,tpex,,185765552
3522,御嵿,tpex,,104096209
3523,迎輝,tpex,,64257868
3526,凡甲,tpex,,66839477
3527,聚積,tpex,,44445125
3529,力旺,tpex,,74686492
3531,先益,tpex,,61175011
3537,堡達,tpex,,56242979
3540,曜越,tpex,,84458548
3541,西柏,tpex,,56349142
3546,宇峻,tpex,,61348690
3548,兆利,tpex,,67744175
3551,世禾,tpex,,62274890
3552,同致,tpex,,97918334
3555,博士旺,tpex,,39998797
3556,禾瑞亞,tpex,,63702844
3558,神準,tpex,,59060881
3564,其陽,tpex,,59123100
3567,逸昌,tpex,,33954000
3570,大塚,tpex,,17097000
3577,泓格,tpex,,63965653
3580,友威科,tpex,,39470657
3581,博磊,tpex,,51006000
3587,閎康,tpex,,71684696
3594,磐儀,tpex,,95948358
3597,映興,tpex,,39236440
3609,三一東林,tpex,,38419387
3611,鼎翰,tpex,,47554634
3615,安可,tpex,,68466976
3623,富晶通,tpex,,29185946
3624,光頡,tpex,,117340842
3625,西勝,tpex,,114246765
3628,盈正,tpex,,45000000
3629,地心引力,tpex,,32954782
3630,新鉅科,tpex,,204191848
3631,晟楠,tpex,,81820909
3632,研勤,tpex,,40889738
3646,艾恩特,tpex,,39297371
3663,鑫科,tpex,,108494074
3664,安瑞-KY,tpex,,75945377
3666,光耀,tpex,,138949850
3672,康聯訊,tpex,,40790375
3675,德微,tpex,,53057923
3680,家登,tpex,,96154998
3684,榮昌,tpex,,30304737
3685,元創精密,tpex,,79574000
3687,歐買尬,tpex,,30124059
3689,湧德,tpex,,89508815
3691,碩禾,tpex,,91883420
3693,營邦,tpex,,42990694
3707,漢磊,tpex,,400484353
3709,鑫聯大投控,tpex,,145569450
3710,連展投控,tpex,,287250734
3713,新晶投控,tpex,,88099380
4102,永日,tpex,,42373443
4105,東洋,tpex,,248649959
4107,邦特,tpex,,69298336
4109,加捷生醫,tpex,,118736681
4111,濟生,tpex,,59832135
4113,聯上,tpex,,231138137
4114,健喬,tpex,,550429688
4116,明基醫,tpex,,44566000
4120,友華,tpex,,86747119
4121,優盛,tpex,,83111045
4123,晟德,tpex,,807456341
4126,太醫,tpex,,72600000
4127,天良,tpex,,45760000
4128,中天,tpex,,588170597
4129,聯合,tpex,,96437650
4131,浩泰,tpex,,39879000
4138,曜亞,tpex,,39930000
4139,馬光-KY,tpex,,45009911
4147,中裕,tpex,,273202425
4153,鈺緯,tpex,,58668197
4154,樂威科-KY,tpex,,38390000
4157,太景*-KY,tpex,,711833575
4160,訊聯基因,tpex,,26690334
4161,聿新科,tpex,,59808204
4162,智擎,tpex,,145677640
4163,鐿鈦,tpex,,50679643
4166,友霖,tpex,,243035089
4167,松瑞藥,tpex,,331554307
4168,醣聯,tpex,,112521318
4171,瑞基,tpex,,58057469
4173,久裕,tpex,,74574355
4174,浩鼎,tpex,,131579687
4175,杏一,tpex,,42323307
4183,福永生技,tpex,,23800000
4188,安克,tpex,,63332900
4192,杏國,tpex,,35164500
4198,欣大健康,tpex,,24108000
4205,中華食,tpex,,97649228
4207,環泰,tpex,,198538008
4303,信立,tpex,,132447444
4304,勝昱,tpex,,61038065
4305,世坤,tpex,,55014000
4401,東隆興,tpex,,122692012
4402,郡都開發,tpex,,67991830
4406,新昕纖,tpex,,51912000
4413,飛寶企業,tpex,,31314689
4416,三圓,tpex,,73586213
4417,金洲,tpex,,83971399
4419,皇家美食,tpex,,169163133
4420,光明,tpex,,40455000
4430,耀億,tpex,,56273609
4432,銘旺實,tpex,,50589000
4433,興采,tpex,,61299774
4442,竣邦-KY,tpex,,32341344
4502,健信,tpex,,57469686
4503,金雨,tpex,,78313326
4506,崇友,tpex,,177012000
4510,高鋒,tpex,,108977724
4513,福裕,tpex,,143761921
4523,永彰,tpex,,64949000
4527,方土霖,tpex,,76152370
4528,江興鍛,tpex,,84165695
4529,淳紳,tpex,,84549096
4530,天意能創,tpex,,35794959
4533,協易機,tpex,,178434110
4534,慶騰,tpex,,86788948
4535,至興,tpex,,75661740
4538,大詠城,tpex,,59469604
4541,晟田,tpex,,67647068
4542,科嶠,tpex,,35254258
4543,萬在,tpex,,62760915
4549,桓達,tpex,,57002445
4550,長佳,tpex,,37838783
4554,橙的,tpex,,30276584
4556,旭然,tpex,,42302840
4558,寶緯,tpex,,50000000
4561,健椿,tpex,,58521619
4563,百德,tpex,,54950000
4568,科際精密,tpex,,32045125
4577,達航科技,tpex,,49137998
4580,捷流閥業,tpex,,46803109
4584,君帆,tpex,,30002400
4609,唐鋒,tpex,,47946820
4702,中美實,tpex,,72333200
4706,大恭,tpex,,79030093
4707,磐亞,tpex,,413808151
4711,永純,tpex,,61056000
4714,永捷,tpex,,221838188
4716,大立,tpex,,94427191
4721,美琪瑪,tpex,,74986304
4726,永昕,tpex,,207041800
4728,雙美,tpex,,54463000
4729,熒茂,tpex,,79226741
4735,豪展,tpex,,41568758
4741,泓瀚,tpex,,34812079
4743,合一,tpex,,480533486
4744,皇將,tpex,,56948450
4745,合富-KY,tpex,,69705547
4747,強生*,tpex,,90922064
4749,新應材,tpex,,94732865
4754,國碳科,tpex,,30283215
4760,勤凱,tpex,,32218283
4767,誠泰科技,tpex,,31415000
4768,晶呈科技,tpex,,48200288
4772,台特化,tpex,,147681552
4806,桂田文創,tpex,,99947092
4903,聯光通,tpex,,105343714
4905,台聯電,tpex,,29260044
4907,富宇,tpex,,118145778
4908,前鼎,tpex,,78216907
4909,新復興,tpex,,93356864
4911,德英,tpex,,68817133
4923,力士,tpex,,36940360
4924,欣厚-KY,tpex,,37164409
4931,新盛力,tpex,,65565761
4933,友輝,tpex,,82662675
4939,亞電,tpex,,98200868
4946,辣椒,tpex,,8852816
4950,金耘國際,tpex,,57729107
4951,精拓科,tpex,,34148713
4953,緯致,tpex,,73147014
4966,譜瑞-KY,tpex,,78957788
4971,IET-KY,tpex,,47185743
4972,湯石照明,tpex,,56888587
4973,廣穎,tpex,,65292843
4974,亞泰,tpex,,72500104
4979,華星光,tpex,,142802027
4991,環宇-KY,tpex,,121334726
4995,晶達,tpex,,42592036
5009,榮剛,tpex,,602471197
5011,久陽,tpex,,100673922
5013,強新,tpex,,133416000
5014,建錩,tpex,,183265054
5015,華祺,tpex,,60639189
5016,松和,tpex,,49622076
5201,凱衛,tpex,,38674600
5202,力新,tpex,,89094000
5205,中茂,tpex,,13500000
5206,坤悅,tpex,,201093375
5209,新鼎,tpex,,28567224
5210,寶碩,tpex,,82177779
5211,蒙恬,tpex,,32024727
5212,凌網,tpex,,34633000
5213,亞昕,tpex,,721334326
5220,萬達光電,tpex,,39667000
5223,安力-KY,tpex,,44549781
5227,立凱-KY,tpex,,96000000
5228,鈺鎧,tpex,,38056253
5230,雷笛克光學,tpex,,55976730
5245,智晶,tpex,,45127141
5251,天鉞電,tpex,,33733377
5263,智崴,tpex,,78936891
5272,笙科,tpex,,55276118
5274,信驊,tpex,,41582953
5276,達輝-KY,tpex,,39500000
5278,尚凡*,tpex,,300000000
5287,數字,tpex,,65738500
5289,宜鼎,tpex,,98335431
5291,邑昇,tpex,,41890606
5299,杰力,tpex,,50888981
5301,寶得利,tpex,,65890304
5302,太欣,tpex,,159888349
5309,系統電,tpex,,230967451
5310,天剛,tpex,,28943517
5312,寶島科,tpex,,60059898
5314,世紀*,tpex,,1205960000
5315,光聯,tpex,,106351832
5321,美而快,tpex,,59543149
5324,士開,tpex,,226379090
5328,華容,tpex,,172710724
5340,建榮,tpex,,194893964
5344,立衛,tpex,,79447460
5345,馥鴻,tpex,,37795000
5347,世界,tpex,,1879567550
5348,正能量智能,tpex,,14775917
5351,鈺創,tpex,,328636781
5353,台林,tpex,,75765000
5355,佳總,tpex,,166122792
5356,協益,tpex,,103040000
5364,力麗店,tpex,,63849940
5381,光譜,tpex,,207690562
5386,青雲,tpex,,54121322
5392,能率,tpex,,180093388
5398,慕康生醫,tpex,,49465460
5403,中菲,tpex,,78176123
5410,國眾,tpex,,93368623
5425,台半,tpex,,263485486
5426,振發,tpex,,143800000
5432,新門,tpex,,20687804
5438,東友,tpex,,112536565
5439,高技,tpex,,92976751
5443,均豪,tpex,,164746644
5450,南良,tpex,,122403239
5452,佶優,tpex,,148763669
5455,昇益,tpex,,65501813
5457,宣德,tpex,,196428800
5460,同協,tpex,,58778130
5464,霖宏,tpex,,71071490
5465,富驊,tpex,,147682629
5468,凱鈺,tpex,,58922909
5474,聰泰,tpex,,39756944
5475,德宏,tpex,,127127017
5478,智冠,tpex,,156074332
5481,新華,tpex,,71402891
5483,中美晶,tpex,,641221651
5487,通泰,tpex,,24222516
5488,松普,tpex,,91586124
5489,彩富,tpex,,102706441
5490,同亨,tpex,,96152201
5493,三聯,tpex,,43689255
5498,凱崴,tpex,,193548545
5508,永信建,tpex,,217428133
5511,德昌,tpex,,136000000
5512,力麒,tpex,,766312494
5514,三豐,tpex,,236118280
5516,雙喜,tpex,,51545223
5520,力泰,tpex,,59975245
5523,豐謙,tpex,,155001464
5529,鉅陞,tpex,,105769350
5530,龍巖,tpex,,420084199
5536,聖暉*,tpex,,124080930
5543,桓鼎-KY,tpex,,46703593
5547,久舜,tpex,,51000000
5548,安倉,tpex,,63735065
5601,台聯櫃,tpex,,64800000
5603,陸海,tpex,,104876607
5604,中連,tpex,,108782968
5609,中菲行,tpex,,142884000
5701,劍湖山,tpex,,143000000
5703,亞都,tpex,,70239594
5704,老爺知,tpex,,58861658
5864,致和證,tpex,,504490084
5878,台名,tpex,,25024303
5902,德記,tpex,,94500000
5903,全家,tpex,,223220000
5904,寶雅*,tpex,,1064438260
5905,南仁湖,tpex,,281623235
6015,宏遠證,tpex,,403614082
6016,康和證,tpex,,772419946
6020,大展證,tpex,,252353154
6021,美好證,tpex,,312230974
6023,元大期,tpex,,447972732
6026,福邦證,tpex,,396161841
6028,公勝保經,tpex,,25000000
6101,寬魚國際,tpex,,116173578
6103,合邦,tpex,,13604891
6104,創惟,tpex,,91129107
6109,亞元,tpex,,87825414
6111,光聚晶電,tpex,,108511051
6113,亞矽,tpex,,52549455
6114,久威,tpex,,43911937
6118,建達,tpex,,90889573
6121,新普,tpex,,184970519
6122,擎邦,tpex,,78091632
6123,上奇,tpex,,62089430
6124,業強,tpex,,182479945
6125,廣運,tpex,,259011150
6126,信音,tpex,,130050754
6127,九豪,tpex,,108079751
6129,普誠,tpex,,180943675
6130,上亞科技,tpex,,46300000
6134,萬旭,tpex,,81882117
6138,茂達,tpex,,75635500
6140,訊達,tpex,,54897760
6143,振曜,tpex,,86058897
6144,得利影,tpex,,38273701
6146,耕興,tpex,,101867199
6147,頎邦,tpex,,744593539
6148,驊宏資,tpex,,46603757
6150,撼訊,tpex,,48345985
6151,晉倫,tpex,,55257300
6154,順發,tpex,,80080000
6156,松上,tpex,,107875010
6158,禾昌,tpex,,55698288
6160,欣技,tpex,,68489120
6161,捷波,tpex,,56237477
6163,華電網,tpex,,148838747
6167,久正,tpex,,146000000
6169,昱泉,tpex,,23394960
6170,統振,tpex,,97260038
6171,大城地產,tpex,,100000000
6173,信昌電,tpex,,171200000
6174,安碁,tpex,,50000000
6175,立敦,tpex,,150121812
6179,亞通,tpex,,177324650
6180,橘子,tpex,,175493573
6182,合晶,tpex,,625305662
6185,幃翔,tpex,,149867531
6186,新潤,tpex,,226907598
6187,萬潤,tpex,,98262739
6188,廣明,tpex,,278358910
6190,萬泰科,tpex,,195376079
6194,育富,tpex,,48000000
6195,詩肯,tpex,,50192942
6198,瑞築,tpex,,171400350
6199,天品,tpex,,61760018
6203,海韻電,tpex,,82401370
6204,艾華,tpex,,23102080
6207,雷科,tpex,,92534411
6208,日揚,tpex,,94462343
6210,慶生,tpex,,35048000
6212,理銘,tpex,,102000000
6217,中探針,tpex,,117210018
6218,豪勉,tpex,,64262000
6219,富旺,tpex,,124967090
6220,岳豐,tpex,,146462640
6221,晉泰,tpex,,168612206
6222,立軒,tpex,,95688878
6223,旺矽,tpex,,97981309
6227,茂綸,tpex,,76111786
6228,全譜,tpex,,26000000
6229,研通,tpex,,40360700
6231,系微,tpex,,45652186
6233,旺玖,tpex,,81021896
6234,高僑,tpex,,100386398
6236,中湛,tpex,,41654039
6237,驊訊,tpex,,79645371
6240,松崗,tpex,,22867370
6241,鑫永洋,tpex,,45533670
6242,立康,tpex,,31806500
6244,茂迪,tpex,,387041875
6245,立端,tpex,,146608303
6246,臺龍,tpex,,37851415
6248,沛波,tpex,,99956149
6259,百徽,tpex,,28056146
6261,久元,tpex,,128497989
6263,普萊德,tpex,,62500964
6264,富裔,tpex,,136355291
6265,方土昶,tpex,,118172151
6266,泰詠,tpex,,153871641
6270,倍微,tpex,,72145759
6274,台燿,tpex,,299336093
6275,元山,tpex,,80344567
6276,安鈦克,tpex,,22043000
6279,胡連,tpex,,119015736
6284,佳邦,tpex,,148980341
6290,良維,tpex,,169652410
6291,沛亨,tpex,,42000000
6292,迅德,tpex,,46600712
6294,智基,tpex,,26047106
6411,晶焱,tpex,,99514331
6417,韋僑,tpex,,42274000
6418,詠昇,tpex,,34522000
6419,京晨科,tpex,,13159170
6423,億而得,tpex,,31016000
6425,易發,tpex,,51382317
6432,今展科,tpex,,40017865
6435,大中,tpex,,37461300
6441,廣錠,tpex,,53318429
6461,益得,tpex,,178351761
6462,神盾,tpex,,91250754
6465,威潤,tpex,,59073685
6469,大樹,tpex,,159104252
6470,宇智,tpex,,37694100
6474,華豫寧,tpex,,52526199
6482,弘煜科,tpex,,28634463
6485,點序,tpex,,47366493
6486,互動,tpex,,50893286
6488,環球晶,tpex,,478113725
6492,生華科,tpex,,114903620
6494,九齊,tpex,,31559690
6496,科懋,tpex,,47290220
6498,久禾光,tpex,,47164892
6499,益安,tpex,,96944893
6506,雙邦,tpex,,82360826
6508,惠光,tpex,,86538864
6509,聚和,tpex,,197434268
6510,精測,tpex,,32929138
6512,啟發電,tpex,,25260000
6516,勤崴國際,tpex,,56336935
6517,保勝光學,tpex,,30579053
6523,達爾膚,tpex,,45047625
6527,明達醫,tpex,,25458550
6530,創威,tpex,,33750000
6532,瑞耘,tpex,,37445147
6535,順藥,tpex,,167840825
6538,倉和,tpex,,38058493
6542,隆中,tpex,,42000630
6546,正基,tpex,,66848449
6547,高端疫苗,tpex,,328943644
6548,長科*,tpex,,950464700
6556,勝品,tpex,,28750000
6560,欣普羅,tpex,,32474715
6561,是方,tpex,,77958370
6568,宏觀,tpex,,30799700
6569,醫揚,tpex,,42820745
6570,維田,tpex,,37119170
6574,霈方,tpex,,21990000
6576,逸達,tpex,,157540541
6577,勁豐,tpex,,60060145
6578,達邦蛋白,tpex,,71941901
6584,南俊國際,tpex,,71265880
6588,東典光電,tpex,,34700825
6590,普鴻,tpex,,24964038
6593,台灣銘板,tpex,,31856609
6596,寬宏藝術,tpex,,38000000
6597,立誠,tpex,,30042250
6603,富強鑫,tpex,,167442946
6609,瀧澤科,tpex,,72456246
6612,奈米醫材,tpex,,52266043
6613,朋億*,tpex,,77801485
6615,慧智,tpex,,21593400
6616,特昇-KY,tpex,,35478473
6617,共信-KY,tpex,,127506100
6620,漢達,tpex,,169981900
6624,萬年清,tpex,,22579482
6629,泰金-KY,tpex,,38379563
6637,醫影,tpex,,26810000
6640,均華,tpex,,28911500
6642,富致,tpex,,37399662
6643,M31,tpex,,42090160
6649,台生材,tpex,,42000000
6651,全宇昕,tpex,,34601541
6654,天正國際,tpex,,40962720
6661,威健生技,tpex,,23304248
6662,樂斯科,tpex,,25612400
6664,群翊,tpex,,61151307
6667,信紘科,tpex,,53478878
6679,鈺太,tpex,,54975335
6680,鑫創電子,tpex,,24671427
6683,雍智科技,tpex,,27557161
6684,安格,tpex,,44559496
6690,安碁資訊,tpex,,29999720
6692,進能服,tpex,,58843890
6693,廣閎科,tpex,,45720000
6697,東捷資訊,tpex,,27323364
6703,軒郁,tpex,,36257210
6708,天擎,tpex,,29008779
6712,長聖,tpex,,101763861
6716,應廣,tpex,,30241814
6720,久昌,tpex,,30225741
6721,信實,tpex,,24500000
6725,矽科宏晟,tpex,,37130000
6727,亞泰金屬,tpex,,26884177
6728,上洋,tpex,,30120000
6730,常廣,tpex,,36298151
6732,昇佳電子,tpex,,48912618
6733,博晟生醫,tpex,,134316026
6735,美達科技,tpex,,46182292
6739,竹陞科技,tpex,,23392500
6741,91APP*-KY,tpex,,120577997
6751,智聯服務,tpex,,22200000
6752,叡揚,tpex,,38258471
6761,穩得,tpex,,34955867
6762,達亞,tpex,,36930288
6763,綠界科技*,tpex,,184039130
6767,台微醫,tpex,,39183630
6785,昱展新藥,tpex,,66800000
6788,華景電,tpex,,38739683
6791,虎門科技,tpex,,20847000
6803,崑鼎,tpex,,72794385
6804,明係,tpex,,47500000
6811,宏碁資訊,tpex,,41449000
6821,聯寶,tpex,,35663193
6823,濾能,tpex,,30533920
6829,千附精密,tpex,,59169000
6840,東研信超,tpex,,30767284
6841,長佳智能,tpex,,95223000
6843,進典,tpex,,33304000
6844,諾貝兒,tpex,,37428440
6846,綠茵,tpex,,27066039
6855,數泓科,tpex,,23249716
6856,鑫傳,tpex,,28200000
6859,伯特光,tpex,,41588600
6865,偉康科技,tpex,,15840645
6870,騰雲,tpex,,28329974
6872,浩宇生醫,tpex,,70750511
6874,倍力,tpex,,22000000
6875,國邑*,tpex,,129182804
6877,鏵友益,tpex,,46967122
6881,潤德,tpex,,15000000
6884,海柏特,tpex,,18390000
6894,衛司特,tpex,,23800000
6895,宏碩系統,tpex,,34100000
6899,創為精密,tpex,,42398491
6903,巨漢,tpex,,66676000
6904,伯鑫,tpex,,18500000
6907,雅特力-KY,tpex,,62525150
6910,德鴻,tpex,,30521000
6913,鴻呈,tpex,,43848863
6922,宸曜,tpex,,27155385
6925,意藍,tpex,,20000300
6929,佑全,tpex,,45090000
6945,圓祥生技,tpex,,97202160
6953,家碩,tpex,,30014600
6961,旅天下,tpex,,26834000
6967,汎瑋材料,tpex,,30404477
6968,萬達寵物,tpex,,50436279
6971,惠民實業,tpex,,38668000
6982,大井泵浦,tpex,,40752381
6983,華洋精機,tpex,,18020000
6986,和迅,tpex,,52134000
6996,力領科技,tpex,,41997833
6997,博弘,tpex,,22100500
7402,邑錡,tpex,,35280646
7547,碩網,tpex,,33963000
7556,意德士,tpex,,29080869
7584,樂意,tpex,,17055469
7642,昶瑞機電,tpex,,30150000
7703,銳澤,tpex,,34745000
7704,明遠精密,tpex,,33769804
7708,全家餐飲,tpex,,25500000
7709,榮田,tpex,,39102740
7712,博盛半導體,tpex,,32561873
7713,威力德生醫,tpex,,45478843
7714,創泓科技,tpex,,21000000
7715,裕山,tpex,,32756500
7716,昱臺國際,tpex,,22500000
7717,萊德光電-KY,tpex,,24831518
7718,友鋮,tpex,,46356484
7723,築間,tpex,,49619550
7728,光焱科技,tpex,,13992621
7734,印能科技,tpex,,28000000
7738,東聯互動,tpex,,27355799
7743,金利食安,tpex,,36483338
7744,崴寶,tpex,,32076710
7747,昕奇雲端,tpex,,30168600
7751,竑騰,tpex,,26888600
7753,星亞,tpex,,25000000
7757,金色三麥,tpex,,24100000
7767,仁大資訊,tpex,,30100000
7770,君曜,tpex,,30062053
7772,耀穎,tpex,,26498600
7777,能率亞洲,tpex,,202606250
7782,光速火箭,tpex,,23213000
7792,安葆,tpex,,46662000
7794,宏碁智新,tpex,,28000000
7805,威聯通,tpex,,39750122
7810,捷創科技,tpex,,20250000
7811,民盛,tpex,,33377000
7814,海昌生技,tpex,,45000000
7819,精誠金融,tpex,,25263500
7820,立盈,tpex,,37768096
7828,創新服務,tpex,,40493911
7839,達人網,tpex,,15096025
7842,天能綠電,tpex,,18250000
8024,佑華,tpex,,45160100
8027,鈦昇,tpex,,112456770
8032,光菱,tpex,,51810300
8034,榮群,tpex,,56586353
8038,長園科,tpex,,62278190
8040,九暘,tpex,,96413874
8042,金山電,tpex,,131479954
8043,蜜望實,tpex,,79907170
8044,網家,tpex,,204768065
8047,星雲,tpex,,41666343
8048,德勝,tpex,,59436924
8049,晶采,tpex,,118279808
8050,廣積,tpex,,205204891
8054,安國,tpex,,108732566
8059,凱碩,tpex,,194080500
8064,東捷,tpex,,184817836
8066,來思達,tpex,,36642304
8067,志旭,tpex,,20700000
8068,全達,tpex,,80765949
8069,元太,tpex,,1154678380
8071,能率網通,tpex,,60084283
8074,鉅橡,tpex,,86974466
8076,伍豐,tpex,,292213592
8077,洛碁,tpex,,21945669
8080,泰霖,tpex,,67163821
8083,瑞穎,tpex,,35133193
8084,巨虹,tpex,,174754149
8085,福華,tpex,,139983060
8086,宏捷科,tpex,,196516123
8087,麗升能源,tpex,,38669142
8088,品安,tpex,,60921749
8089,康全電訊,tpex,,65998718
8091,翔名,tpex,,55986224
8092,建暐,tpex,,57172325
8093,保銳,tpex,,56567567
8096,擎亞,tpex,,149343066
8097,常珵,tpex,,63802468
8099,大世科,tpex,,100072800
8102,傑霖科技,tpex,,23358350
8107,大億金茂,tpex,,75000000
8109,博大,tpex,,82161236
8111,立碁,tpex,,109102223
8121,越峰,tpex,,212993743
8147,正淩,tpex,,41817166
8155,博智,tpex,,62367700
8171,天宇,tpex,,112853326
8176,智捷,tpex,,71701000
8182,加高,tpex,,107041215
8183,精星,tpex,,121251068
8227,巨有科技,tpex,,39543000
8234,新漢,tpex,,141226472
8240,華宏,tpex,,100004414
8255,朋程,tpex,,101939480
8272,全景軟體,tpex,,18997755
8277,商丞,tpex,,91628833
8279,生展,tpex,,27100851
8284,三竹,tpex,,47342000
8289,泰藝,tpex,,68333765
8291,尚茂,tpex,,17478450
8299,群聯,tpex,,221165247
8342,益張,tpex,,33536692
8349,恒耀,tpex,,208821391
2000,恒耀甲特,tpex,,10000000
8354,冠好,tpex,,78532263
8358,金居,tpex,,252588000
8383,千附,tpex,,113760482
8390,金益鼎,tpex,,96116128
8401,白紗科,tpex,,70669058
8403,盛弘,tpex,,137640343
8409,商之器,tpex,,32000000
8410,森田,tpex,,36589200
8415,大國鋼,tpex,,1031500000
8416,實威,tpex,,28210710
8421,旭源,tpex,,63817140
8423,保綠-KY,tpex,,41714030
8424,惠普,tpex,,36054368
8426,紅木-KY,tpex,,50242500
8431,匯鑽科,tpex,,48778331
8432,東生華,tpex,,38398140
8433,弘帆,tpex,,54506098
8435,鉅邁,tpex,,35200450
8436,大江,tpex,,117728830
8437,大地-KY,tpex,,47014070
8440,綠電,tpex,,50255299
8444,綠河-KY,tpex,,125104845
8446,華研,tpex,,52914405
8450,霹靂,tpex,,51309947
8455,大拓-KY,tpex,,25219056
8472,夠麻吉,tpex,,17735800
8477,創業家,tpex,,64170616
8489,三貝德,tpex,,59948960
8905,裕國,tpex,,119440000
8906,花王,tpex,,44037370
8908,欣雄,tpex,,315332742
8916,光隆,tpex,,150384146
8917,欣泰,tpex,,162652459
8921,沈氏,tpex,,46592159
8923,時報,tpex,,30375800
8924,大田,tpex,,83800000
8927,北基,tpex,,419068367
8928,鉅明,tpex,,50854015
8929,富堡,tpex,,50580862
8930,青鋼,tpex,,81809406
8931,大汽電,tpex,,122254862
8932,智通*,tpex,,426013152
8933,愛地雅,tpex,,326724305
8935,邦泰,tpex,,113495000
8936,國統,tpex,,248078157
8937,合騏*,tpex,,431680272
8938,明安,tpex,,156986490
8941,關中,tpex,,34972071
8942,森鉅,tpex,,198842255
9949,琉園,tpex,,44860763
9950,萬國通,tpex,,167716000
9951,皇田,tpex,,73300000
9960,邁達康,tpex,,33592500
9962,有益,tpex,,90220260
